{"cameraMode":{"drawMode":0,"name":"Shaded","section":"Shading Mode"},"sceneLighting":false,"audioPlay":false,"sceneViewState":{"showFog":true,"showMaterialUpdate":false,"showSkybox":true,"showFlares":true,"showImageEffects":true,"showParticleSystems":true},"in2DMode":false,"pivot":{"x":10.348586082458496,"y":1.1804770231246949,"z":0.2118716835975647},"rotation":{"x":-0.0918600857257843,"y":-0.4919378161430359,"z":0.05229103937745094,"w":-0.8641901612281799},"size":6.585034370422363,"orthographic":false}