{"cameraMode":{"drawMode":0,"name":"Shaded","section":"Shading Mode"},"sceneLighting":false,"audioPlay":false,"sceneViewState":{"showFog":true,"showMaterialUpdate":false,"showSkybox":true,"showFlares":true,"showImageEffects":true,"showParticleSystems":true},"in2DMode":false,"pivot":{"x":0.5701560974121094,"y":13.174124717712403,"z":0.3204078674316406},"rotation":{"x":-0.14687179028987885,"y":-0.05071476101875305,"z":0.007540231104940176,"w":-0.987825870513916},"size":61.14399719238281,"orthographic":false}