{"cameraMode":{"drawMode":0,"name":"Shaded","section":"Shading Mode"},"sceneLighting":false,"audioPlay":false,"sceneViewState":{"showFog":true,"showMaterialUpdate":false,"showSkybox":true,"showFlares":true,"showImageEffects":true,"showParticleSystems":true},"in2DMode":false,"pivot":{"x":-20.374073028564454,"y":2.7336254119873049,"z":0.0027523040771484377},"rotation":{"x":-0.36475670337677,"y":0.13226942718029023,"z":-0.05243246257305145,"w":-0.9201675653457642},"size":26.16769790649414,"orthographic":false}