{"cameraMode":{"drawMode":0,"name":"Shaded","section":"Shading Mode"},"sceneLighting":false,"audioPlay":false,"sceneViewState":{"showFog":true,"showMaterialUpdate":false,"showSkybox":true,"showFlares":true,"showImageEffects":true,"showParticleSystems":true},"in2DMode":false,"pivot":{"x":20.784809112548829,"y":2.3431975841522219,"z":-0.007840156555175782},"rotation":{"x":-0.12070779502391815,"y":0.41766077280044558,"z":-0.05609144642949104,"w":-0.898800790309906},"size":24.126039505004884,"orthographic":false}