{"cameraMode":{"drawMode":0,"name":"Shaded","section":"Shading Mode"},"sceneLighting":true,"audioPlay":false,"sceneViewState":{"showFog":true,"showMaterialUpdate":false,"showSkybox":true,"showFlares":true,"showImageEffects":true,"showParticleSystems":true},"in2DMode":false,"pivot":{"x":78.0531005859375,"y":8.133838653564454,"z":-5.988631725311279},"rotation":{"x":-0.07155948877334595,"y":-0.9022854566574097,"z":0.39194589853286745,"w":-0.16473828256130219},"size":81.7883071899414,"orthographic":true}