{"cameraMode":{"drawMode":0,"name":"Shaded","section":"Shading Mode"},"sceneLighting":true,"audioPlay":false,"sceneViewState":{"showFog":true,"showMaterialUpdate":false,"showSkybox":true,"showFlares":true,"showImageEffects":true,"showParticleSystems":true},"in2DMode":false,"pivot":{"x":124.39105224609375,"y":5.006200313568115,"z":-3.4758501052856447},"rotation":{"x":0.05540531501173973,"y":-0.9369313716888428,"z":0.2978523373603821,"w":0.17428110539913178},"size":263.39947509765627,"orthographic":true}