{"cameraMode":{"drawMode":0,"name":"Shaded","section":"Shading Mode"},"sceneLighting":true,"audioPlay":false,"sceneViewState":{"showFog":true,"showMaterialUpdate":false,"showSkybox":true,"showFlares":true,"showImageEffects":true,"showParticleSystems":true},"in2DMode":false,"pivot":{"x":-5.310887336730957,"y":17.284116744995118,"z":-7.78125},"rotation":{"x":0.4466255009174347,"y":-0.12542206048965455,"z":0.06339488923549652,"w":0.8836153149604797},"size":58.70893859863281,"orthographic":true}